rq,type,区县,市,sum
20210401,区级数据,国网浙江省电力有限公司宁海县供电公司,国网浙江省电力有限公司宁波供电公司,10908141
20210402,区级数据,国网浙江省电力有限公司宁海县供电公司,国网浙江省电力有限公司宁波供电公司,10946389
20210403,区级数据,国网浙江省电力有限公司宁海县供电公司,国网浙江省电力有限公司宁波供电公司,10535519
20210404,区级数据,国网浙江省电力有限公司宁海县供电公司,国网浙江省电力有限公司宁波供电公司,8373812
20210405,区级数据,国网浙江省电力有限公司宁海县供电公司,国网浙江省电力有限公司宁波供电公司,9681162
20210406,区级数据,国网浙江省电力有限公司宁海县供电公司,国网浙江省电力有限公司宁波供电公司,10751781
20210407,区级数据,国网浙江省电力有限公司宁海县供电公司,国网浙江省电力有限公司宁波供电公司,11085679
20210408,区级数据,国网浙江省电力有限公司宁海县供电公司,国网浙江省电力有限公司宁波供电公司,11602083
20210409,区级数据,国网浙江省电力有限公司宁海县供电公司,国网浙江省电力有限公司宁波供电公司,11065777
20210410,区级数据,国网浙江省电力有限公司宁海县供电公司,国网浙江省电力有限公司宁波供电公司,10931122
20210411,区级数据,国网浙江省电力有限公司宁海县供电公司,国网浙江省电力有限公司宁波供电公司,10870659
20210412,区级数据,国网浙江省电力有限公司宁海县供电公司,国网浙江省电力有限公司宁波供电公司,11325861
20210413,区级数据,国网浙江省电力有限公司宁海县供电公司,国网浙江省电力有限公司宁波供电公司,11425676
20210414,区级数据,国网浙江省电力有限公司宁海县供电公司,国网浙江省电力有限公司宁波供电公司,11554675
20210415,区级数据,国网浙江省电力有限公司宁海县供电公司,国网浙江省电力有限公司宁波供电公司,11761681
20210416,区级数据,国网浙江省电力有限公司宁海县供电公司,国网浙江省电力有限公司宁波供电公司,11100701
20210417,区级数据,国网浙江省电力有限公司宁海县供电公司,国网浙江省电力有限公司宁波供电公司,10960281
20210418,区级数据,国网浙江省电力有限公司宁海县供电公司,国网浙江省电力有限公司宁波供电公司,10336529
20210419,区级数据,国网浙江省电力有限公司宁海县供电公司,国网浙江省电力有限公司宁波供电公司,10932666
20210420,区级数据,国网浙江省电力有限公司宁海县供电公司,国网浙江省电力有限公司宁波供电公司,11339302
20210421,区级数据,国网浙江省电力有限公司宁海县供电公司,国网浙江省电力有限公司宁波供电公司,11154060
20210422,区级数据,国网浙江省电力有限公司宁海县供电公司,国网浙江省电力有限公司宁波供电公司,11399441
20210423,区级数据,国网浙江省电力有限公司宁海县供电公司,国网浙江省电力有限公司宁波供电公司,11358679
20210424,区级数据,国网浙江省电力有限公司宁海县供电公司,国网浙江省电力有限公司宁波供电公司,11264101
20210425,区级数据,国网浙江省电力有限公司宁海县供电公司,国网浙江省电力有限公司宁波供电公司,10922760
20210426,区级数据,国网浙江省电力有限公司宁海县供电公司,国网浙江省电力有限公司宁波供电公司,10857825
20210427,区级数据,国网浙江省电力有限公司宁海县供电公司,国网浙江省电力有限公司宁波供电公司,11467336
20210428,区级数据,国网浙江省电力有限公司宁海县供电公司,国网浙江省电力有限公司宁波供电公司,11532966
20210429,区级数据,国网浙江省电力有限公司宁海县供电公司,国网浙江省电力有限公司宁波供电公司,10837876
20210430,区级数据,国网浙江省电力有限公司宁海县供电公司,国网浙江省电力有限公司宁波供电公司,10330623
20210501,区级数据,国网浙江省电力有限公司宁海县供电公司,国网浙江省电力有限公司宁波供电公司,6149356
20210502,区级数据,国网浙江省电力有限公司宁海县供电公司,国网浙江省电力有限公司宁波供电公司,6642325
20210503,区级数据,国网浙江省电力有限公司宁海县供电公司,国网浙江省电力有限公司宁波供电公司,8902433
20210504,区级数据,国网浙江省电力有限公司宁海县供电公司,国网浙江省电力有限公司宁波供电公司,10587027
20210505,区级数据,国网浙江省电力有限公司宁海县供电公司,国网浙江省电力有限公司宁波供电公司,10446078
20210506,区级数据,国网浙江省电力有限公司宁海县供电公司,国网浙江省电力有限公司宁波供电公司,11057752
20210507,区级数据,国网浙江省电力有限公司宁海县供电公司,国网浙江省电力有限公司宁波供电公司,11311436
20210508,区级数据,国网浙江省电力有限公司宁海县供电公司,国网浙江省电力有限公司宁波供电公司,11218588
20210509,区级数据,国网浙江省电力有限公司宁海县供电公司,国网浙江省电力有限公司宁波供电公司,10515755
20210510,区级数据,国网浙江省电力有限公司宁海县供电公司,国网浙江省电力有限公司宁波供电公司,11369615
20210511,区级数据,国网浙江省电力有限公司宁海县供电公司,国网浙江省电力有限公司宁波供电公司,11540676
20210512,区级数据,国网浙江省电力有限公司宁海县供电公司,国网浙江省电力有限公司宁波供电公司,11632386
20210513,区级数据,国网浙江省电力有限公司宁海县供电公司,国网浙江省电力有限公司宁波供电公司,11633170
20210514,区级数据,国网浙江省电力有限公司宁海县供电公司,国网浙江省电力有限公司宁波供电公司,11847793
20210515,区级数据,国网浙江省电力有限公司宁海县供电公司,国网浙江省电力有限公司宁波供电公司,12176273
20210516,区级数据,国网浙江省电力有限公司宁海县供电公司,国网浙江省电力有限公司宁波供电公司,11514221
20210517,区级数据,国网浙江省电力有限公司宁海县供电公司,国网浙江省电力有限公司宁波供电公司,11184458
20210518,区级数据,国网浙江省电力有限公司宁海县供电公司,国网浙江省电力有限公司宁波供电公司,11340546
20210519,区级数据,国网浙江省电力有限公司宁海县供电公司,国网浙江省电力有限公司宁波供电公司,11178944
20210520,区级数据,国网浙江省电力有限公司宁海县供电公司,国网浙江省电力有限公司宁波供电公司,10907474
20210521,区级数据,国网浙江省电力有限公司宁海县供电公司,国网浙江省电力有限公司宁波供电公司,10816699
20210522,区级数据,国网浙江省电力有限公司宁海县供电公司,国网浙江省电力有限公司宁波供电公司,11070076
20210523,区级数据,国网浙江省电力有限公司宁海县供电公司,国网浙江省电力有限公司宁波供电公司,10593577
20210524,区级数据,国网浙江省电力有限公司宁海县供电公司,国网浙江省电力有限公司宁波供电公司,10992815
20210525,区级数据,国网浙江省电力有限公司宁海县供电公司,国网浙江省电力有限公司宁波供电公司,11014534
20210526,区级数据,国网浙江省电力有限公司宁海县供电公司,国网浙江省电力有限公司宁波供电公司,10874161
20210527,区级数据,国网浙江省电力有限公司宁海县供电公司,国网浙江省电力有限公司宁波供电公司,11291067
20210528,区级数据,国网浙江省电力有限公司宁海县供电公司,国网浙江省电力有限公司宁波供电公司,11450688
20210529,区级数据,国网浙江省电力有限公司宁海县供电公司,国网浙江省电力有限公司宁波供电公司,10914083
20210530,区级数据,国网浙江省电力有限公司宁海县供电公司,国网浙江省电力有限公司宁波供电公司,10269726
20210531,区级数据,国网浙江省电力有限公司宁海县供电公司,国网浙江省电力有限公司宁波供电公司,10467685
20210601,区级数据,国网浙江省电力有限公司宁海县供电公司,国网浙江省电力有限公司宁波供电公司,11141033
20210602,区级数据,国网浙江省电力有限公司宁海县供电公司,国网浙江省电力有限公司宁波供电公司,11431148
20210603,区级数据,国网浙江省电力有限公司宁海县供电公司,国网浙江省电力有限公司宁波供电公司,11961441
20210604,区级数据,国网浙江省电力有限公司宁海县供电公司,国网浙江省电力有限公司宁波供电公司,11029878
20210605,区级数据,国网浙江省电力有限公司宁海县供电公司,国网浙江省电力有限公司宁波供电公司,10764618
20210606,区级数据,国网浙江省电力有限公司宁海县供电公司,国网浙江省电力有限公司宁波供电公司,10302160
20210607,区级数据,国网浙江省电力有限公司宁海县供电公司,国网浙江省电力有限公司宁波供电公司,11004787
20210608,区级数据,国网浙江省电力有限公司宁海县供电公司,国网浙江省电力有限公司宁波供电公司,12007128
20210609,区级数据,国网浙江省电力有限公司宁海县供电公司,国网浙江省电力有限公司宁波供电公司,12490734
20210610,区级数据,国网浙江省电力有限公司宁海县供电公司,国网浙江省电力有限公司宁波供电公司,12314850
20210611,区级数据,国网浙江省电力有限公司宁海县供电公司,国网浙江省电力有限公司宁波供电公司,12363615
20210612,区级数据,国网浙江省电力有限公司宁海县供电公司,国网浙江省电力有限公司宁波供电公司,12166779
20210613,区级数据,国网浙江省电力有限公司宁海县供电公司,国网浙江省电力有限公司宁波供电公司,10663322
20210614,区级数据,国网浙江省电力有限公司宁海县供电公司,国网浙江省电力有限公司宁波供电公司,8918033
20210615,区级数据,国网浙江省电力有限公司宁海县供电公司,国网浙江省电力有限公司宁波供电公司,12325066
20210616,区级数据,国网浙江省电力有限公司宁海县供电公司,国网浙江省电力有限公司宁波供电公司,13571213
20210617,区级数据,国网浙江省电力有限公司宁海县供电公司,国网浙江省电力有限公司宁波供电公司,13109909
20210618,区级数据,国网浙江省电力有限公司宁海县供电公司,国网浙江省电力有限公司宁波供电公司,13506788
20210619,区级数据,国网浙江省电力有限公司宁海县供电公司,国网浙江省电力有限公司宁波供电公司,12066079
20210620,区级数据,国网浙江省电力有限公司宁海县供电公司,国网浙江省电力有限公司宁波供电公司,10715320
20210621,区级数据,国网浙江省电力有限公司宁海县供电公司,国网浙江省电力有限公司宁波供电公司,11137042
20210622,区级数据,国网浙江省电力有限公司宁海县供电公司,国网浙江省电力有限公司宁波供电公司,11506191
20210623,区级数据,国网浙江省电力有限公司宁海县供电公司,国网浙江省电力有限公司宁波供电公司,11484811
20210624,区级数据,国网浙江省电力有限公司宁海县供电公司,国网浙江省电力有限公司宁波供电公司,11927736
20210625,区级数据,国网浙江省电力有限公司宁海县供电公司,国网浙江省电力有限公司宁波供电公司,12272467
20210626,区级数据,国网浙江省电力有限公司宁海县供电公司,国网浙江省电力有限公司宁波供电公司,12399524
20210627,区级数据,国网浙江省电力有限公司宁海县供电公司,国网浙江省电力有限公司宁波供电公司,11297476
20210628,区级数据,国网浙江省电力有限公司宁海县供电公司,国网浙江省电力有限公司宁波供电公司,12055401
20210629,区级数据,国网浙江省电力有限公司宁海县供电公司,国网浙江省电力有限公司宁波供电公司,12276371
20210630,区级数据,国网浙江省电力有限公司宁海县供电公司,国网浙江省电力有限公司宁波供电公司,11782919
20210701,区级数据,国网浙江省电力有限公司宁海县供电公司,国网浙江省电力有限公司宁波供电公司,11638769
20210702,区级数据,国网浙江省电力有限公司宁海县供电公司,国网浙江省电力有限公司宁波供电公司,12688064
20210703,区级数据,国网浙江省电力有限公司宁海县供电公司,国网浙江省电力有限公司宁波供电公司,12984850
20210704,区级数据,国网浙江省电力有限公司宁海县供电公司,国网浙江省电力有限公司宁波供电公司,12784879
20210705,区级数据,国网浙江省电力有限公司宁海县供电公司,国网浙江省电力有限公司宁波供电公司,13685033
20210706,区级数据,国网浙江省电力有限公司宁海县供电公司,国网浙江省电力有限公司宁波供电公司,14251922
20210707,区级数据,国网浙江省电力有限公司宁海县供电公司,国网浙江省电力有限公司宁波供电公司,14666091
20210708,区级数据,国网浙江省电力有限公司宁海县供电公司,国网浙江省电力有限公司宁波供电公司,15032661
20210709,区级数据,国网浙江省电力有限公司宁海县供电公司,国网浙江省电力有限公司宁波供电公司,14312884
20210710,区级数据,国网浙江省电力有限公司宁海县供电公司,国网浙江省电力有限公司宁波供电公司,12926796
20210711,区级数据,国网浙江省电力有限公司宁海县供电公司,国网浙江省电力有限公司宁波供电公司,13025772
20210712,区级数据,国网浙江省电力有限公司宁海县供电公司,国网浙江省电力有限公司宁波供电公司,14461549
20210713,区级数据,国网浙江省电力有限公司宁海县供电公司,国网浙江省电力有限公司宁波供电公司,15077598
20210714,区级数据,国网浙江省电力有限公司宁海县供电公司,国网浙江省电力有限公司宁波供电公司,15135122
20210715,区级数据,国网浙江省电力有限公司宁海县供电公司,国网浙江省电力有限公司宁波供电公司,15038800
20210716,区级数据,国网浙江省电力有限公司宁海县供电公司,国网浙江省电力有限公司宁波供电公司,14880620
20210717,区级数据,国网浙江省电力有限公司宁海县供电公司,国网浙江省电力有限公司宁波供电公司,14494882
20210718,区级数据,国网浙江省电力有限公司宁海县供电公司,国网浙江省电力有限公司宁波供电公司,13328610
20210719,区级数据,国网浙江省电力有限公司宁海县供电公司,国网浙江省电力有限公司宁波供电公司,14197661
20210720,区级数据,国网浙江省电力有限公司宁海县供电公司,国网浙江省电力有限公司宁波供电公司,14416374
20210721,区级数据,国网浙江省电力有限公司宁海县供电公司,国网浙江省电力有限公司宁波供电公司,13954673
20210722,区级数据,国网浙江省电力有限公司宁海县供电公司,国网浙江省电力有限公司宁波供电公司,13477877
20210723,区级数据,国网浙江省电力有限公司宁海县供电公司,国网浙江省电力有限公司宁波供电公司,12290893
20210724,区级数据,国网浙江省电力有限公司宁海县供电公司,国网浙江省电力有限公司宁波供电公司,10837207
20210725,区级数据,国网浙江省电力有限公司宁海县供电公司,国网浙江省电力有限公司宁波供电公司,6800114
20210726,区级数据,国网浙江省电力有限公司宁海县供电公司,国网浙江省电力有限公司宁波供电公司,10190794
20210727,区级数据,国网浙江省电力有限公司宁海县供电公司,国网浙江省电力有限公司宁波供电公司,12359080
20210728,区级数据,国网浙江省电力有限公司宁海县供电公司,国网浙江省电力有限公司宁波供电公司,13207722
20210729,区级数据,国网浙江省电力有限公司宁海县供电公司,国网浙江省电力有限公司宁波供电公司,13878332
20210730,区级数据,国网浙江省电力有限公司宁海县供电公司,国网浙江省电力有限公司宁波供电公司,14296213
20210731,区级数据,国网浙江省电力有限公司宁海县供电公司,国网浙江省电力有限公司宁波供电公司,13597864
20210801,区级数据,国网浙江省电力有限公司宁海县供电公司,国网浙江省电力有限公司宁波供电公司,12618163
20210802,区级数据,国网浙江省电力有限公司宁海县供电公司,国网浙江省电力有限公司宁波供电公司,13959364
20210803,区级数据,国网浙江省电力有限公司宁海县供电公司,国网浙江省电力有限公司宁波供电公司,13861909
20210804,区级数据,国网浙江省电力有限公司宁海县供电公司,国网浙江省电力有限公司宁波供电公司,13697587
20210805,区级数据,国网浙江省电力有限公司宁海县供电公司,国网浙江省电力有限公司宁波供电公司,13822755
20210806,区级数据,国网浙江省电力有限公司宁海县供电公司,国网浙江省电力有限公司宁波供电公司,13858870
20210807,区级数据,国网浙江省电力有限公司宁海县供电公司,国网浙江省电力有限公司宁波供电公司,13588383
20210808,区级数据,国网浙江省电力有限公司宁海县供电公司,国网浙江省电力有限公司宁波供电公司,13074282
20210809,区级数据,国网浙江省电力有限公司宁海县供电公司,国网浙江省电力有限公司宁波供电公司,14471796
20210810,区级数据,国网浙江省电力有限公司宁海县供电公司,国网浙江省电力有限公司宁波供电公司,14688162
20210811,区级数据,国网浙江省电力有限公司宁海县供电公司,国网浙江省电力有限公司宁波供电公司,14641958
20210812,区级数据,国网浙江省电力有限公司宁海县供电公司,国网浙江省电力有限公司宁波供电公司,14200466
20210813,区级数据,国网浙江省电力有限公司宁海县供电公司,国网浙江省电力有限公司宁波供电公司,13975451
20210814,区级数据,国网浙江省电力有限公司宁海县供电公司,国网浙江省电力有限公司宁波供电公司,13313444
20210815,区级数据,国网浙江省电力有限公司宁海县供电公司,国网浙江省电力有限公司宁波供电公司,12022101
20210816,区级数据,国网浙江省电力有限公司宁海县供电公司,国网浙江省电力有限公司宁波供电公司,12921222
20210817,区级数据,国网浙江省电力有限公司宁海县供电公司,国网浙江省电力有限公司宁波供电公司,12970638
20210818,区级数据,国网浙江省电力有限公司宁海县供电公司,国网浙江省电力有限公司宁波供电公司,13084078
20210819,区级数据,国网浙江省电力有限公司宁海县供电公司,国网浙江省电力有限公司宁波供电公司,13380414
20210820,区级数据,国网浙江省电力有限公司宁海县供电公司,国网浙江省电力有限公司宁波供电公司,13827663
20210821,区级数据,国网浙江省电力有限公司宁海县供电公司,国网浙江省电力有限公司宁波供电公司,13825885
20210822,区级数据,国网浙江省电力有限公司宁海县供电公司,国网浙江省电力有限公司宁波供电公司,12844856
20210823,区级数据,国网浙江省电力有限公司宁海县供电公司,国网浙江省电力有限公司宁波供电公司,14344768
20210824,区级数据,国网浙江省电力有限公司宁海县供电公司,国网浙江省电力有限公司宁波供电公司,14806252
20210825,区级数据,国网浙江省电力有限公司宁海县供电公司,国网浙江省电力有限公司宁波供电公司,14458299
20210826,区级数据,国网浙江省电力有限公司宁海县供电公司,国网浙江省电力有限公司宁波供电公司,14637374
20210827,区级数据,国网浙江省电力有限公司宁海县供电公司,国网浙江省电力有限公司宁波供电公司,14641804
20210828,区级数据,国网浙江省电力有限公司宁海县供电公司,国网浙江省电力有限公司宁波供电公司,14537857
20210829,区级数据,国网浙江省电力有限公司宁海县供电公司,国网浙江省电力有限公司宁波供电公司,13802305
20210830,区级数据,国网浙江省电力有限公司宁海县供电公司,国网浙江省电力有限公司宁波供电公司,14474426
20210831,区级数据,国网浙江省电力有限公司宁海县供电公司,国网浙江省电力有限公司宁波供电公司,14871230
20210901,区级数据,国网浙江省电力有限公司宁海县供电公司,国网浙江省电力有限公司宁波供电公司,15147697
20210902,区级数据,国网浙江省电力有限公司宁海县供电公司,国网浙江省电力有限公司宁波供电公司,15150635
20210903,区级数据,国网浙江省电力有限公司宁海县供电公司,国网浙江省电力有限公司宁波供电公司,14330373
20210904,区级数据,国网浙江省电力有限公司宁海县供电公司,国网浙江省电力有限公司宁波供电公司,14142467
20210905,区级数据,国网浙江省电力有限公司宁海县供电公司,国网浙江省电力有限公司宁波供电公司,13652621
20210906,区级数据,国网浙江省电力有限公司宁海县供电公司,国网浙江省电力有限公司宁波供电公司,14642960
20210907,区级数据,国网浙江省电力有限公司宁海县供电公司,国网浙江省电力有限公司宁波供电公司,13803290
20210908,区级数据,国网浙江省电力有限公司宁海县供电公司,国网浙江省电力有限公司宁波供电公司,13243358
20210909,区级数据,国网浙江省电力有限公司宁海县供电公司,国网浙江省电力有限公司宁波供电公司,13345048
20210910,区级数据,国网浙江省电力有限公司宁海县供电公司,国网浙江省电力有限公司宁波供电公司,13900502
20210911,区级数据,国网浙江省电力有限公司宁海县供电公司,国网浙江省电力有限公司宁波供电公司,14087095
20210912,区级数据,国网浙江省电力有限公司宁海县供电公司,国网浙江省电力有限公司宁波供电公司,12087404
20210913,区级数据,国网浙江省电力有限公司宁海县供电公司,国网浙江省电力有限公司宁波供电公司,10747275
20210914,区级数据,国网浙江省电力有限公司宁海县供电公司,国网浙江省电力有限公司宁波供电公司,11556187
20210915,区级数据,国网浙江省电力有限公司宁海县供电公司,国网浙江省电力有限公司宁波供电公司,11987364
20210916,区级数据,国网浙江省电力有限公司宁海县供电公司,国网浙江省电力有限公司宁波供电公司,12041007
20210917,区级数据,国网浙江省电力有限公司宁海县供电公司,国网浙江省电力有限公司宁波供电公司,12214428
20210918,区级数据,国网浙江省电力有限公司宁海县供电公司,国网浙江省电力有限公司宁波供电公司,12448022
20210919,区级数据,国网浙江省电力有限公司宁海县供电公司,国网浙江省电力有限公司宁波供电公司,12443821
20210920,区级数据,国网浙江省电力有限公司宁海县供电公司,国网浙江省电力有限公司宁波供电公司,12388400
20210921,区级数据,国网浙江省电力有限公司宁海县供电公司,国网浙江省电力有限公司宁波供电公司,9712740
20210922,区级数据,国网浙江省电力有限公司宁海县供电公司,国网浙江省电力有限公司宁波供电公司,12111350
20210923,区级数据,国网浙江省电力有限公司宁海县供电公司,国网浙江省电力有限公司宁波供电公司,12991878
20210924,区级数据,国网浙江省电力有限公司宁海县供电公司,国网浙江省电力有限公司宁波供电公司,12776554
20210925,区级数据,国网浙江省电力有限公司宁海县供电公司,国网浙江省电力有限公司宁波供电公司,12518671
20210926,区级数据,国网浙江省电力有限公司宁海县供电公司,国网浙江省电力有限公司宁波供电公司,12066467
20210927,区级数据,国网浙江省电力有限公司宁海县供电公司,国网浙江省电力有限公司宁波供电公司,12782397
20210928,区级数据,国网浙江省电力有限公司宁海县供电公司,国网浙江省电力有限公司宁波供电公司,12639509
20210929,区级数据,国网浙江省电力有限公司宁海县供电公司,国网浙江省电力有限公司宁波供电公司,12329019
20210930,区级数据,国网浙江省电力有限公司宁海县供电公司,国网浙江省电力有限公司宁波供电公司,11235066
20211001,区级数据,国网浙江省电力有限公司宁海县供电公司,国网浙江省电力有限公司宁波供电公司,7305235
20211002,区级数据,国网浙江省电力有限公司宁海县供电公司,国网浙江省电力有限公司宁波供电公司,7745355
20211003,区级数据,国网浙江省电力有限公司宁海县供电公司,国网浙江省电力有限公司宁波供电公司,8863101
20211004,区级数据,国网浙江省电力有限公司宁海县供电公司,国网浙江省电力有限公司宁波供电公司,10975119
20211005,区级数据,国网浙江省电力有限公司宁海县供电公司,国网浙江省电力有限公司宁波供电公司,11289885
20211006,区级数据,国网浙江省电力有限公司宁海县供电公司,国网浙江省电力有限公司宁波供电公司,11239960
20211007,区级数据,国网浙江省电力有限公司宁海县供电公司,国网浙江省电力有限公司宁波供电公司,10951440
20211008,区级数据,国网浙江省电力有限公司宁海县供电公司,国网浙江省电力有限公司宁波供电公司,10888447
20211009,区级数据,国网浙江省电力有限公司宁海县供电公司,国网浙江省电力有限公司宁波供电公司,10838972
20211010,区级数据,国网浙江省电力有限公司宁海县供电公司,国网浙江省电力有限公司宁波供电公司,10822354
20211011,区级数据,国网浙江省电力有限公司宁海县供电公司,国网浙江省电力有限公司宁波供电公司,10688644
20211012,区级数据,国网浙江省电力有限公司宁海县供电公司,国网浙江省电力有限公司宁波供电公司,9895872
20211013,区级数据,国网浙江省电力有限公司宁海县供电公司,国网浙江省电力有限公司宁波供电公司,10352584
20211014,区级数据,国网浙江省电力有限公司宁海县供电公司,国网浙江省电力有限公司宁波供电公司,10956273
20211015,区级数据,国网浙江省电力有限公司宁海县供电公司,国网浙江省电力有限公司宁波供电公司,10727489
20211016,区级数据,国网浙江省电力有限公司宁海县供电公司,国网浙江省电力有限公司宁波供电公司,10454324
20211017,区级数据,国网浙江省电力有限公司宁海县供电公司,国网浙江省电力有限公司宁波供电公司,9639789
20211018,区级数据,国网浙江省电力有限公司宁海县供电公司,国网浙江省电力有限公司宁波供电公司,9969354
20211019,区级数据,国网浙江省电力有限公司宁海县供电公司,国网浙江省电力有限公司宁波供电公司,10125976
20211020,区级数据,国网浙江省电力有限公司宁海县供电公司,国网浙江省电力有限公司宁波供电公司,10480151
20211021,区级数据,国网浙江省电力有限公司宁海县供电公司,国网浙江省电力有限公司宁波供电公司,11043303
20211022,区级数据,国网浙江省电力有限公司宁海县供电公司,国网浙江省电力有限公司宁波供电公司,10414233
20211023,区级数据,国网浙江省电力有限公司宁海县供电公司,国网浙江省电力有限公司宁波供电公司,10098425
20211024,区级数据,国网浙江省电力有限公司宁海县供电公司,国网浙江省电力有限公司宁波供电公司,10080481
20211025,区级数据,国网浙江省电力有限公司宁海县供电公司,国网浙江省电力有限公司宁波供电公司,10342378
20211026,区级数据,国网浙江省电力有限公司宁海县供电公司,国网浙江省电力有限公司宁波供电公司,10299913
20211027,区级数据,国网浙江省电力有限公司宁海县供电公司,国网浙江省电力有限公司宁波供电公司,10249587
20211028,区级数据,国网浙江省电力有限公司宁海县供电公司,国网浙江省电力有限公司宁波供电公司,10524196
20211029,区级数据,国网浙江省电力有限公司宁海县供电公司,国网浙江省电力有限公司宁波供电公司,10413159
20211030,区级数据,国网浙江省电力有限公司宁海县供电公司,国网浙江省电力有限公司宁波供电公司,10062431
20211031,区级数据,国网浙江省电力有限公司宁海县供电公司,国网浙江省电力有限公司宁波供电公司,9920282
20211101,区级数据,国网浙江省电力有限公司宁海县供电公司,国网浙江省电力有限公司宁波供电公司,10356054
20211102,区级数据,国网浙江省电力有限公司宁海县供电公司,国网浙江省电力有限公司宁波供电公司,10683872
20211103,区级数据,国网浙江省电力有限公司宁海县供电公司,国网浙江省电力有限公司宁波供电公司,10721945
20211104,区级数据,国网浙江省电力有限公司宁海县供电公司,国网浙江省电力有限公司宁波供电公司,11095060
20211105,区级数据,国网浙江省电力有限公司宁海县供电公司,国网浙江省电力有限公司宁波供电公司,10863509
20211106,区级数据,国网浙江省电力有限公司宁海县供电公司,国网浙江省电力有限公司宁波供电公司,10660295
20211107,区级数据,国网浙江省电力有限公司宁海县供电公司,国网浙江省电力有限公司宁波供电公司,10522829
20211108,区级数据,国网浙江省电力有限公司宁海县供电公司,国网浙江省电力有限公司宁波供电公司,10716440
20211109,区级数据,国网浙江省电力有限公司宁海县供电公司,国网浙江省电力有限公司宁波供电公司,10996928
20211110,区级数据,国网浙江省电力有限公司宁海县供电公司,国网浙江省电力有限公司宁波供电公司,10957273
20211111,区级数据,国网浙江省电力有限公司宁海县供电公司,国网浙江省电力有限公司宁波供电公司,11269914
20211112,区级数据,国网浙江省电力有限公司宁海县供电公司,国网浙江省电力有限公司宁波供电公司,11225245
20211113,区级数据,国网浙江省电力有限公司宁海县供电公司,国网浙江省电力有限公司宁波供电公司,11492582
20211114,区级数据,国网浙江省电力有限公司宁海县供电公司,国网浙江省电力有限公司宁波供电公司,10622837
20211115,区级数据,国网浙江省电力有限公司宁海县供电公司,国网浙江省电力有限公司宁波供电公司,11000877
20211116,区级数据,国网浙江省电力有限公司宁海县供电公司,国网浙江省电力有限公司宁波供电公司,11857665
20211117,区级数据,国网浙江省电力有限公司宁海县供电公司,国网浙江省电力有限公司宁波供电公司,11945969
20211118,区级数据,国网浙江省电力有限公司宁海县供电公司,国网浙江省电力有限公司宁波供电公司,12125169
20211119,区级数据,国网浙江省电力有限公司宁海县供电公司,国网浙江省电力有限公司宁波供电公司,11722750
20211120,区级数据,国网浙江省电力有限公司宁海县供电公司,国网浙江省电力有限公司宁波供电公司,11441619
20211121,区级数据,国网浙江省电力有限公司宁海县供电公司,国网浙江省电力有限公司宁波供电公司,10979476
20211122,区级数据,国网浙江省电力有限公司宁海县供电公司,国网浙江省电力有限公司宁波供电公司,11814997
20211123,区级数据,国网浙江省电力有限公司宁海县供电公司,国网浙江省电力有限公司宁波供电公司,11837106
20211124,区级数据,国网浙江省电力有限公司宁海县供电公司,国网浙江省电力有限公司宁波供电公司,11929709
20211125,区级数据,国网浙江省电力有限公司宁海县供电公司,国网浙江省电力有限公司宁波供电公司,11838505
20211126,区级数据,国网浙江省电力有限公司宁海县供电公司,国网浙江省电力有限公司宁波供电公司,11763003
20211127,区级数据,国网浙江省电力有限公司宁海县供电公司,国网浙江省电力有限公司宁波供电公司,11812668
20211128,区级数据,国网浙江省电力有限公司宁海县供电公司,国网浙江省电力有限公司宁波供电公司,11126025
20211129,区级数据,国网浙江省电力有限公司宁海县供电公司,国网浙江省电力有限公司宁波供电公司,11835185
20211130,区级数据,国网浙江省电力有限公司宁海县供电公司,国网浙江省电力有限公司宁波供电公司,11909293
20211201,区级数据,国网浙江省电力有限公司宁海县供电公司,国网浙江省电力有限公司宁波供电公司,11801392
20211202,区级数据,国网浙江省电力有限公司宁海县供电公司,国网浙江省电力有限公司宁波供电公司,12175028
20211203,区级数据,国网浙江省电力有限公司宁海县供电公司,国网浙江省电力有限公司宁波供电公司,12569491
20211204,区级数据,国网浙江省电力有限公司宁海县供电公司,国网浙江省电力有限公司宁波供电公司,12451459
20211205,区级数据,国网浙江省电力有限公司宁海县供电公司,国网浙江省电力有限公司宁波供电公司,11543626
20211206,区级数据,国网浙江省电力有限公司宁海县供电公司,国网浙江省电力有限公司宁波供电公司,11696266
20211207,区级数据,国网浙江省电力有限公司宁海县供电公司,国网浙江省电力有限公司宁波供电公司,12026840
20211208,区级数据,国网浙江省电力有限公司宁海县供电公司,国网浙江省电力有限公司宁波供电公司,12252909
20211209,区级数据,国网浙江省电力有限公司宁海县供电公司,国网浙江省电力有限公司宁波供电公司,11993310
20211210,区级数据,国网浙江省电力有限公司宁海县供电公司,国网浙江省电力有限公司宁波供电公司,11749912
20211211,区级数据,国网浙江省电力有限公司宁海县供电公司,国网浙江省电力有限公司宁波供电公司,11680342
20211212,区级数据,国网浙江省电力有限公司宁海县供电公司,国网浙江省电力有限公司宁波供电公司,11756954
20211213,区级数据,国网浙江省电力有限公司宁海县供电公司,国网浙江省电力有限公司宁波供电公司,11930703
20211214,区级数据,国网浙江省电力有限公司宁海县供电公司,国网浙江省电力有限公司宁波供电公司,12327144
20211215,区级数据,国网浙江省电力有限公司宁海县供电公司,国网浙江省电力有限公司宁波供电公司,12334627
20211216,区级数据,国网浙江省电力有限公司宁海县供电公司,国网浙江省电力有限公司宁波供电公司,12029158
20211217,区级数据,国网浙江省电力有限公司宁海县供电公司,国网浙江省电力有限公司宁波供电公司,12206172
20211218,区级数据,国网浙江省电力有限公司宁海县供电公司,国网浙江省电力有限公司宁波供电公司,12641635
20211219,区级数据,国网浙江省电力有限公司宁海县供电公司,国网浙江省电力有限公司宁波供电公司,11844579
20211220,区级数据,国网浙江省电力有限公司宁海县供电公司,国网浙江省电力有限公司宁波供电公司,12205530
20211221,区级数据,国网浙江省电力有限公司宁海县供电公司,国网浙江省电力有限公司宁波供电公司,12593699
20211222,区级数据,国网浙江省电力有限公司宁海县供电公司,国网浙江省电力有限公司宁波供电公司,12409391
20211223,区级数据,国网浙江省电力有限公司宁海县供电公司,国网浙江省电力有限公司宁波供电公司,12169274
20211224,区级数据,国网浙江省电力有限公司宁海县供电公司,国网浙江省电力有限公司宁波供电公司,12001350
20211225,区级数据,国网浙江省电力有限公司宁海县供电公司,国网浙江省电力有限公司宁波供电公司,13127644
20211226,区级数据,国网浙江省电力有限公司宁海县供电公司,国网浙江省电力有限公司宁波供电公司,12474054
20211227,区级数据,国网浙江省电力有限公司宁海县供电公司,国网浙江省电力有限公司宁波供电公司,13286223
20211228,区级数据,国网浙江省电力有限公司宁海县供电公司,国网浙江省电力有限公司宁波供电公司,14497259
20211229,区级数据,国网浙江省电力有限公司宁海县供电公司,国网浙江省电力有限公司宁波供电公司,13438926
20211230,区级数据,国网浙江省电力有限公司宁海县供电公司,国网浙江省电力有限公司宁波供电公司,13250883
20211231,区级数据,国网浙江省电力有限公司宁海县供电公司,国网浙江省电力有限公司宁波供电公司,12659935
20220101,区级数据,国网浙江省电力有限公司宁海县供电公司,国网浙江省电力有限公司宁波供电公司,10404839
20220102,区级数据,国网浙江省电力有限公司宁海县供电公司,国网浙江省电力有限公司宁波供电公司,10997500
20220103,区级数据,国网浙江省电力有限公司宁海县供电公司,国网浙江省电力有限公司宁波供电公司,12054194
20220104,区级数据,国网浙江省电力有限公司宁海县供电公司,国网浙江省电力有限公司宁波供电公司,12271708
20220105,区级数据,国网浙江省电力有限公司宁海县供电公司,国网浙江省电力有限公司宁波供电公司,12764087
20220106,区级数据,国网浙江省电力有限公司宁海县供电公司,国网浙江省电力有限公司宁波供电公司,13364528
20220107,区级数据,国网浙江省电力有限公司宁海县供电公司,国网浙江省电力有限公司宁波供电公司,12997579
20220108,区级数据,国网浙江省电力有限公司宁海县供电公司,国网浙江省电力有限公司宁波供电公司,12666394
20220109,区级数据,国网浙江省电力有限公司宁海县供电公司,国网浙江省电力有限公司宁波供电公司,12749386
20220110,区级数据,国网浙江省电力有限公司宁海县供电公司,国网浙江省电力有限公司宁波供电公司,13083581
20220111,区级数据,国网浙江省电力有限公司宁海县供电公司,国网浙江省电力有限公司宁波供电公司,13074624
20220112,区级数据,国网浙江省电力有限公司宁海县供电公司,国网浙江省电力有限公司宁波供电公司,13102019
20220113,区级数据,国网浙江省电力有限公司宁海县供电公司,国网浙江省电力有限公司宁波供电公司,13793014
20220114,区级数据,国网浙江省电力有限公司宁海县供电公司,国网浙江省电力有限公司宁波供电公司,13348520
20220115,区级数据,国网浙江省电力有限公司宁海县供电公司,国网浙江省电力有限公司宁波供电公司,12193100
20220116,区级数据,国网浙江省电力有限公司宁海县供电公司,国网浙江省电力有限公司宁波供电公司,12004056
20220117,区级数据,国网浙江省电力有限公司宁海县供电公司,国网浙江省电力有限公司宁波供电公司,12439218
20220118,区级数据,国网浙江省电力有限公司宁海县供电公司,国网浙江省电力有限公司宁波供电公司,11444773
20220119,区级数据,国网浙江省电力有限公司宁海县供电公司,国网浙江省电力有限公司宁波供电公司,10941861
20220120,区级数据,国网浙江省电力有限公司宁海县供电公司,国网浙江省电力有限公司宁波供电公司,11380569
20220121,区级数据,国网浙江省电力有限公司宁海县供电公司,国网浙江省电力有限公司宁波供电公司,10896917
20220122,区级数据,国网浙江省电力有限公司宁海县供电公司,国网浙江省电力有限公司宁波供电公司,10465371
20220123,区级数据,国网浙江省电力有限公司宁海县供电公司,国网浙江省电力有限公司宁波供电公司,9514356
20220124,区级数据,国网浙江省电力有限公司宁海县供电公司,国网浙江省电力有限公司宁波供电公司,9402696
20220125,区级数据,国网浙江省电力有限公司宁海县供电公司,国网浙江省电力有限公司宁波供电公司,9101048
20220126,区级数据,国网浙江省电力有限公司宁海县供电公司,国网浙江省电力有限公司宁波供电公司,8645757
20220127,区级数据,国网浙江省电力有限公司宁海县供电公司,国网浙江省电力有限公司宁波供电公司,7780887
20220128,区级数据,国网浙江省电力有限公司宁海县供电公司,国网浙江省电力有限公司宁波供电公司,7556640
20220129,区级数据,国网浙江省电力有限公司宁海县供电公司,国网浙江省电力有限公司宁波供电公司,7626619
20220130,区级数据,国网浙江省电力有限公司宁海县供电公司,国网浙江省电力有限公司宁波供电公司,7222915
20220131,区级数据,国网浙江省电力有限公司宁海县供电公司,国网浙江省电力有限公司宁波供电公司,6553369
20220201,区级数据,国网浙江省电力有限公司宁海县供电公司,国网浙江省电力有限公司宁波供电公司,6386106
20220202,区级数据,国网浙江省电力有限公司宁海县供电公司,国网浙江省电力有限公司宁波供电公司,6555088
20220203,区级数据,国网浙江省电力有限公司宁海县供电公司,国网浙江省电力有限公司宁波供电公司,6731309
20220204,区级数据,国网浙江省电力有限公司宁海县供电公司,国网浙江省电力有限公司宁波供电公司,6370635
20220205,区级数据,国网浙江省电力有限公司宁海县供电公司,国网浙江省电力有限公司宁波供电公司,6268550
20220206,区级数据,国网浙江省电力有限公司宁海县供电公司,国网浙江省电力有限公司宁波供电公司,6591091
20220207,区级数据,国网浙江省电力有限公司宁海县供电公司,国网浙江省电力有限公司宁波供电公司,7669182
20220208,区级数据,国网浙江省电力有限公司宁海县供电公司,国网浙江省电力有限公司宁波供电公司,8797766
20220209,区级数据,国网浙江省电力有限公司宁海县供电公司,国网浙江省电力有限公司宁波供电公司,9262870
20220210,区级数据,国网浙江省电力有限公司宁海县供电公司,国网浙江省电力有限公司宁波供电公司,9739959
20220211,区级数据,国网浙江省电力有限公司宁海县供电公司,国网浙江省电力有限公司宁波供电公司,10666559
20220212,区级数据,国网浙江省电力有限公司宁海县供电公司,国网浙江省电力有限公司宁波供电公司,10482771
20220213,区级数据,国网浙江省电力有限公司宁海县供电公司,国网浙江省电力有限公司宁波供电公司,10477427
20220214,区级数据,国网浙江省电力有限公司宁海县供电公司,国网浙江省电力有限公司宁波供电公司,9770284
20220215,区级数据,国网浙江省电力有限公司宁海县供电公司,国网浙江省电力有限公司宁波供电公司,10383192
20220216,区级数据,国网浙江省电力有限公司宁海县供电公司,国网浙江省电力有限公司宁波供电公司,11414551
20220217,区级数据,国网浙江省电力有限公司宁海县供电公司,国网浙江省电力有限公司宁波供电公司,12751117
20220218,区级数据,国网浙江省电力有限公司宁海县供电公司,国网浙江省电力有限公司宁波供电公司,13308017
20220219,区级数据,国网浙江省电力有限公司宁海县供电公司,国网浙江省电力有限公司宁波供电公司,13580128
20220220,区级数据,国网浙江省电力有限公司宁海县供电公司,国网浙江省电力有限公司宁波供电公司,12860138
20220221,区级数据,国网浙江省电力有限公司宁海县供电公司,国网浙江省电力有限公司宁波供电公司,12739061
20220222,区级数据,国网浙江省电力有限公司宁海县供电公司,国网浙江省电力有限公司宁波供电公司,13820702
20220223,区级数据,国网浙江省电力有限公司宁海县供电公司,国网浙江省电力有限公司宁波供电公司,14073603
20220224,区级数据,国网浙江省电力有限公司宁海县供电公司,国网浙江省电力有限公司宁波供电公司,12799807
20220225,区级数据,国网浙江省电力有限公司宁海县供电公司,国网浙江省电力有限公司宁波供电公司,12409600
20220226,区级数据,国网浙江省电力有限公司宁海县供电公司,国网浙江省电力有限公司宁波供电公司,11686035
20220227,区级数据,国网浙江省电力有限公司宁海县供电公司,国网浙江省电力有限公司宁波供电公司,10804217
20220228,区级数据,国网浙江省电力有限公司宁海县供电公司,国网浙江省电力有限公司宁波供电公司,10799555
20220301,区级数据,国网浙江省电力有限公司宁海县供电公司,国网浙江省电力有限公司宁波供电公司,11253319
20220302,区级数据,国网浙江省电力有限公司宁海县供电公司,国网浙江省电力有限公司宁波供电公司,11672697
20220303,区级数据,国网浙江省电力有限公司宁海县供电公司,国网浙江省电力有限公司宁波供电公司,11959631
20220304,区级数据,国网浙江省电力有限公司宁海县供电公司,国网浙江省电力有限公司宁波供电公司,12107005
20220305,区级数据,国网浙江省电力有限公司宁海县供电公司,国网浙江省电力有限公司宁波供电公司,11762112
20220306,区级数据,国网浙江省电力有限公司宁海县供电公司,国网浙江省电力有限公司宁波供电公司,11748872
20220307,区级数据,国网浙江省电力有限公司宁海县供电公司,国网浙江省电力有限公司宁波供电公司,12580780
20220308,区级数据,国网浙江省电力有限公司宁海县供电公司,国网浙江省电力有限公司宁波供电公司,12096323
20220309,区级数据,国网浙江省电力有限公司宁海县供电公司,国网浙江省电力有限公司宁波供电公司,11899136
20220310,区级数据,国网浙江省电力有限公司宁海县供电公司,国网浙江省电力有限公司宁波供电公司,11839721
20220311,区级数据,国网浙江省电力有限公司宁海县供电公司,国网浙江省电力有限公司宁波供电公司,11596296
20220312,区级数据,国网浙江省电力有限公司宁海县供电公司,国网浙江省电力有限公司宁波供电公司,11591601
20220313,区级数据,国网浙江省电力有限公司宁海县供电公司,国网浙江省电力有限公司宁波供电公司,10924631
20220314,区级数据,国网浙江省电力有限公司宁海县供电公司,国网浙江省电力有限公司宁波供电公司,11257986
20220315,区级数据,国网浙江省电力有限公司宁海县供电公司,国网浙江省电力有限公司宁波供电公司,11417425
20220316,区级数据,国网浙江省电力有限公司宁海县供电公司,国网浙江省电力有限公司宁波供电公司,11502474
20220317,区级数据,国网浙江省电力有限公司宁海县供电公司,国网浙江省电力有限公司宁波供电公司,12017394
20220318,区级数据,国网浙江省电力有限公司宁海县供电公司,国网浙江省电力有限公司宁波供电公司,11790316
20220319,区级数据,国网浙江省电力有限公司宁海县供电公司,国网浙江省电力有限公司宁波供电公司,11992608
20220320,区级数据,国网浙江省电力有限公司宁海县供电公司,国网浙江省电力有限公司宁波供电公司,11579822
20220321,区级数据,国网浙江省电力有限公司宁海县供电公司,国网浙江省电力有限公司宁波供电公司,12461272
20220322,区级数据,国网浙江省电力有限公司宁海县供电公司,国网浙江省电力有限公司宁波供电公司,13011951
20220323,区级数据,国网浙江省电力有限公司宁海县供电公司,国网浙江省电力有限公司宁波供电公司,12132093
20220324,区级数据,国网浙江省电力有限公司宁海县供电公司,国网浙江省电力有限公司宁波供电公司,11966743
20220325,区级数据,国网浙江省电力有限公司宁海县供电公司,国网浙江省电力有限公司宁波供电公司,12237098
20220326,区级数据,国网浙江省电力有限公司宁海县供电公司,国网浙江省电力有限公司宁波供电公司,11665670
20220327,区级数据,国网浙江省电力有限公司宁海县供电公司,国网浙江省电力有限公司宁波供电公司,11080228
20220328,区级数据,国网浙江省电力有限公司宁海县供电公司,国网浙江省电力有限公司宁波供电公司,11994339
20220329,区级数据,国网浙江省电力有限公司宁海县供电公司,国网浙江省电力有限公司宁波供电公司,11749866
20220330,区级数据,国网浙江省电力有限公司宁海县供电公司,国网浙江省电力有限公司宁波供电公司,11829013
20220331,区级数据,国网浙江省电力有限公司宁海县供电公司,国网浙江省电力有限公司宁波供电公司,12020022
20220401,区级数据,国网浙江省电力有限公司宁海县供电公司,国网浙江省电力有限公司宁波供电公司,12308375
20220402,区级数据,国网浙江省电力有限公司宁海县供电公司,国网浙江省电力有限公司宁波供电公司,11802667
20220403,区级数据,国网浙江省电力有限公司宁海县供电公司,国网浙江省电力有限公司宁波供电公司,9739811
20220404,区级数据,国网浙江省电力有限公司宁海县供电公司,国网浙江省电力有限公司宁波供电公司,9380525
20220405,区级数据,国网浙江省电力有限公司宁海县供电公司,国网浙江省电力有限公司宁波供电公司,8612680
20220406,区级数据,国网浙江省电力有限公司宁海县供电公司,国网浙江省电力有限公司宁波供电公司,10307619
20220407,区级数据,国网浙江省电力有限公司宁海县供电公司,国网浙江省电力有限公司宁波供电公司,10927341
20220408,区级数据,国网浙江省电力有限公司宁海县供电公司,国网浙江省电力有限公司宁波供电公司,11185506
20220409,区级数据,国网浙江省电力有限公司宁海县供电公司,国网浙江省电力有限公司宁波供电公司,10825696
20220410,区级数据,国网浙江省电力有限公司宁海县供电公司,国网浙江省电力有限公司宁波供电公司,10087177
20220411,区级数据,国网浙江省电力有限公司宁海县供电公司,国网浙江省电力有限公司宁波供电公司,10787473
20220412,区级数据,国网浙江省电力有限公司宁海县供电公司,国网浙江省电力有限公司宁波供电公司,11274471
20220413,区级数据,国网浙江省电力有限公司宁海县供电公司,国网浙江省电力有限公司宁波供电公司,11299443
20220414,区级数据,国网浙江省电力有限公司宁海县供电公司,国网浙江省电力有限公司宁波供电公司,11193640
20220415,区级数据,国网浙江省电力有限公司宁海县供电公司,国网浙江省电力有限公司宁波供电公司,11431876
20220416,区级数据,国网浙江省电力有限公司宁海县供电公司,国网浙江省电力有限公司宁波供电公司,10590631
20220417,区级数据,国网浙江省电力有限公司宁海县供电公司,国网浙江省电力有限公司宁波供电公司,9489406
20220418,区级数据,国网浙江省电力有限公司宁海县供电公司,国网浙江省电力有限公司宁波供电公司,10731200
20220419,区级数据,国网浙江省电力有限公司宁海县供电公司,国网浙江省电力有限公司宁波供电公司,10973706
20220420,区级数据,国网浙江省电力有限公司宁海县供电公司,国网浙江省电力有限公司宁波供电公司,10805585
20220421,区级数据,国网浙江省电力有限公司宁海县供电公司,国网浙江省电力有限公司宁波供电公司,10741922
20220422,区级数据,国网浙江省电力有限公司宁海县供电公司,国网浙江省电力有限公司宁波供电公司,10978804
20220423,区级数据,国网浙江省电力有限公司宁海县供电公司,国网浙江省电力有限公司宁波供电公司,10608664
20220424,区级数据,国网浙江省电力有限公司宁海县供电公司,国网浙江省电力有限公司宁波供电公司,9713001
20220425,区级数据,国网浙江省电力有限公司宁海县供电公司,国网浙江省电力有限公司宁波供电公司,10574432
20220426,区级数据,国网浙江省电力有限公司宁海县供电公司,国网浙江省电力有限公司宁波供电公司,11371474
20220427,区级数据,国网浙江省电力有限公司宁海县供电公司,国网浙江省电力有限公司宁波供电公司,11031222
20220428,区级数据,国网浙江省电力有限公司宁海县供电公司,国网浙江省电力有限公司宁波供电公司,11138106
20220429,区级数据,国网浙江省电力有限公司宁海县供电公司,国网浙江省电力有限公司宁波供电公司,11328602
20220430,区级数据,国网浙江省电力有限公司宁海县供电公司,国网浙江省电力有限公司宁波供电公司,9931541
20220501,区级数据,国网浙江省电力有限公司宁海县供电公司,国网浙江省电力有限公司宁波供电公司,6281547
20220502,区级数据,国网浙江省电力有限公司宁海县供电公司,国网浙江省电力有限公司宁波供电公司,6349621
20220503,区级数据,国网浙江省电力有限公司宁海县供电公司,国网浙江省电力有限公司宁波供电公司,7873438
20220504,区级数据,国网浙江省电力有限公司宁海县供电公司,国网浙江省电力有限公司宁波供电公司,9226510
20220505,区级数据,国网浙江省电力有限公司宁海县供电公司,国网浙江省电力有限公司宁波供电公司,9922402
20220506,区级数据,国网浙江省电力有限公司宁海县供电公司,国网浙江省电力有限公司宁波供电公司,10390668
20220507,区级数据,国网浙江省电力有限公司宁海县供电公司,国网浙江省电力有限公司宁波供电公司,10640703
20220508,区级数据,国网浙江省电力有限公司宁海县供电公司,国网浙江省电力有限公司宁波供电公司,9956812
20220509,区级数据,国网浙江省电力有限公司宁海县供电公司,国网浙江省电力有限公司宁波供电公司,11181757
20220510,区级数据,国网浙江省电力有限公司宁海县供电公司,国网浙江省电力有限公司宁波供电公司,11107788
20220511,区级数据,国网浙江省电力有限公司宁海县供电公司,国网浙江省电力有限公司宁波供电公司,11311562
20220512,区级数据,国网浙江省电力有限公司宁海县供电公司,国网浙江省电力有限公司宁波供电公司,11490972
20220513,区级数据,国网浙江省电力有限公司宁海县供电公司,国网浙江省电力有限公司宁波供电公司,11344702
20220514,区级数据,国网浙江省电力有限公司宁海县供电公司,国网浙江省电力有限公司宁波供电公司,10484836
20220515,区级数据,国网浙江省电力有限公司宁海县供电公司,国网浙江省电力有限公司宁波供电公司,9511286
20220516,区级数据,国网浙江省电力有限公司宁海县供电公司,国网浙江省电力有限公司宁波供电公司,10400094
20220517,区级数据,国网浙江省电力有限公司宁海县供电公司,国网浙江省电力有限公司宁波供电公司,10655421
20220518,区级数据,国网浙江省电力有限公司宁海县供电公司,国网浙江省电力有限公司宁波供电公司,10721989
20220519,区级数据,国网浙江省电力有限公司宁海县供电公司,国网浙江省电力有限公司宁波供电公司,11024602
20220520,区级数据,国网浙江省电力有限公司宁海县供电公司,国网浙江省电力有限公司宁波供电公司,11210989
20220521,区级数据,国网浙江省电力有限公司宁海县供电公司,国网浙江省电力有限公司宁波供电公司,10542482
20220522,区级数据,国网浙江省电力有限公司宁海县供电公司,国网浙江省电力有限公司宁波供电公司,9444679
20220523,区级数据,国网浙江省电力有限公司宁海县供电公司,国网浙江省电力有限公司宁波供电公司,10833456
20220524,区级数据,国网浙江省电力有限公司宁海县供电公司,国网浙江省电力有限公司宁波供电公司,11109351
20220525,区级数据,国网浙江省电力有限公司宁海县供电公司,国网浙江省电力有限公司宁波供电公司,11004026
20220526,区级数据,国网浙江省电力有限公司宁海县供电公司,国网浙江省电力有限公司宁波供电公司,11251586
20220527,区级数据,国网浙江省电力有限公司宁海县供电公司,国网浙江省电力有限公司宁波供电公司,10812931
20220528,区级数据,国网浙江省电力有限公司宁海县供电公司,国网浙江省电力有限公司宁波供电公司,11151751
20220529,区级数据,国网浙江省电力有限公司宁海县供电公司,国网浙江省电力有限公司宁波供电公司,9962223
20220530,区级数据,国网浙江省电力有限公司宁海县供电公司,国网浙江省电力有限公司宁波供电公司,10966976
20220531,区级数据,国网浙江省电力有限公司宁海县供电公司,国网浙江省电力有限公司宁波供电公司,10646645
20220601,区级数据,国网浙江省电力有限公司宁海县供电公司,国网浙江省电力有限公司宁波供电公司,10946297
20220602,区级数据,国网浙江省电力有限公司宁海县供电公司,国网浙江省电力有限公司宁波供电公司,10849846
20220603,区级数据,国网浙江省电力有限公司宁海县供电公司,国网浙江省电力有限公司宁波供电公司,8039475
20220604,区级数据,国网浙江省电力有限公司宁海县供电公司,国网浙江省电力有限公司宁波供电公司,8965384
20220605,区级数据,国网浙江省电力有限公司宁海县供电公司,国网浙江省电力有限公司宁波供电公司,10315433
20220606,区级数据,国网浙江省电力有限公司宁海县供电公司,国网浙江省电力有限公司宁波供电公司,10617454
20220607,区级数据,国网浙江省电力有限公司宁海县供电公司,国网浙江省电力有限公司宁波供电公司,10974721
20220608,区级数据,国网浙江省电力有限公司宁海县供电公司,国网浙江省电力有限公司宁波供电公司,10799507
20220609,区级数据,国网浙江省电力有限公司宁海县供电公司,国网浙江省电力有限公司宁波供电公司,10429041
20220610,区级数据,国网浙江省电力有限公司宁海县供电公司,国网浙江省电力有限公司宁波供电公司,10443615
20220611,区级数据,国网浙江省电力有限公司宁海县供电公司,国网浙江省电力有限公司宁波供电公司,10715143
20220612,区级数据,国网浙江省电力有限公司宁海县供电公司,国网浙江省电力有限公司宁波供电公司,10299548
20220613,区级数据,国网浙江省电力有限公司宁海县供电公司,国网浙江省电力有限公司宁波供电公司,11215613
20220614,区级数据,国网浙江省电力有限公司宁海县供电公司,国网浙江省电力有限公司宁波供电公司,11346955
20220615,区级数据,国网浙江省电力有限公司宁海县供电公司,国网浙江省电力有限公司宁波供电公司,12541329
20220616,区级数据,国网浙江省电力有限公司宁海县供电公司,国网浙江省电力有限公司宁波供电公司,12060074
20220617,区级数据,国网浙江省电力有限公司宁海县供电公司,国网浙江省电力有限公司宁波供电公司,12122168
20220618,区级数据,国网浙江省电力有限公司宁海县供电公司,国网浙江省电力有限公司宁波供电公司,12032340
20220619,区级数据,国网浙江省电力有限公司宁海县供电公司,国网浙江省电力有限公司宁波供电公司,11162796
20220620,区级数据,国网浙江省电力有限公司宁海县供电公司,国网浙江省电力有限公司宁波供电公司,11969342
20220621,区级数据,国网浙江省电力有限公司宁海县供电公司,国网浙江省电力有限公司宁波供电公司,12491817
20220622,区级数据,国网浙江省电力有限公司宁海县供电公司,国网浙江省电力有限公司宁波供电公司,13256101
20220623,区级数据,国网浙江省电力有限公司宁海县供电公司,国网浙江省电力有限公司宁波供电公司,13898511
20220624,区级数据,国网浙江省电力有限公司宁海县供电公司,国网浙江省电力有限公司宁波供电公司,14717346
20220625,区级数据,国网浙江省电力有限公司宁海县供电公司,国网浙江省电力有限公司宁波供电公司,14314629
20220626,区级数据,国网浙江省电力有限公司宁海县供电公司,国网浙江省电力有限公司宁波供电公司,13260274
20220627,区级数据,国网浙江省电力有限公司宁海县供电公司,国网浙江省电力有限公司宁波供电公司,14355092
20220628,区级数据,国网浙江省电力有限公司宁海县供电公司,国网浙江省电力有限公司宁波供电公司,14923682
20220629,区级数据,国网浙江省电力有限公司宁海县供电公司,国网浙江省电力有限公司宁波供电公司,15063794
20220630,区级数据,国网浙江省电力有限公司宁海县供电公司,国网浙江省电力有限公司宁波供电公司,14802155
20220701,区级数据,国网浙江省电力有限公司宁海县供电公司,国网浙江省电力有限公司宁波供电公司,14238850
20220702,区级数据,国网浙江省电力有限公司宁海县供电公司,国网浙江省电力有限公司宁波供电公司,13653072
20220703,区级数据,国网浙江省电力有限公司宁海县供电公司,国网浙江省电力有限公司宁波供电公司,13033360
20220704,区级数据,国网浙江省电力有限公司宁海县供电公司,国网浙江省电力有限公司宁波供电公司,14620231
20220705,区级数据,国网浙江省电力有限公司宁海县供电公司,国网浙江省电力有限公司宁波供电公司,15512167
20220706,区级数据,国网浙江省电力有限公司宁海县供电公司,国网浙江省电力有限公司宁波供电公司,15594901
20220707,区级数据,国网浙江省电力有限公司宁海县供电公司,国网浙江省电力有限公司宁波供电公司,16067226
20220708,区级数据,国网浙江省电力有限公司宁海县供电公司,国网浙江省电力有限公司宁波供电公司,15906433
20220709,区级数据,国网浙江省电力有限公司宁海县供电公司,国网浙江省电力有限公司宁波供电公司,15539283
20220710,区级数据,国网浙江省电力有限公司宁海县供电公司,国网浙江省电力有限公司宁波供电公司,15109519
20220711,区级数据,国网浙江省电力有限公司宁海县供电公司,国网浙江省电力有限公司宁波供电公司,16519614
20220712,区级数据,国网浙江省电力有限公司宁海县供电公司,国网浙江省电力有限公司宁波供电公司,15931364
20220713,区级数据,国网浙江省电力有限公司宁海县供电公司,国网浙江省电力有限公司宁波供电公司,15764394
20220714,区级数据,国网浙江省电力有限公司宁海县供电公司,国网浙江省电力有限公司宁波供电公司,16439128
20220715,区级数据,国网浙江省电力有限公司宁海县供电公司,国网浙江省电力有限公司宁波供电公司,16617837
20220716,区级数据,国网浙江省电力有限公司宁海县供电公司,国网浙江省电力有限公司宁波供电公司,16309382
20220717,区级数据,国网浙江省电力有限公司宁海县供电公司,国网浙江省电力有限公司宁波供电公司,14526723
20220718,区级数据,国网浙江省电力有限公司宁海县供电公司,国网浙江省电力有限公司宁波供电公司,15107436
20220719,区级数据,国网浙江省电力有限公司宁海县供电公司,国网浙江省电力有限公司宁波供电公司,15637830
20220720,区级数据,国网浙江省电力有限公司宁海县供电公司,国网浙江省电力有限公司宁波供电公司,16155667
20220721,区级数据,国网浙江省电力有限公司宁海县供电公司,国网浙江省电力有限公司宁波供电公司,16619360
20220722,区级数据,国网浙江省电力有限公司宁海县供电公司,国网浙江省电力有限公司宁波供电公司,16083545
20220723,区级数据,国网浙江省电力有限公司宁海县供电公司,国网浙江省电力有限公司宁波供电公司,16190369
20220724,区级数据,国网浙江省电力有限公司宁海县供电公司,国网浙江省电力有限公司宁波供电公司,14758621
20220725,区级数据,国网浙江省电力有限公司宁海县供电公司,国网浙江省电力有限公司宁波供电公司,14774888
20220726,区级数据,国网浙江省电力有限公司宁海县供电公司,国网浙江省电力有限公司宁波供电公司,15453530
20220727,区级数据,国网浙江省电力有限公司宁海县供电公司,国网浙江省电力有限公司宁波供电公司,15650046
20220728,区级数据,国网浙江省电力有限公司宁海县供电公司,国网浙江省电力有限公司宁波供电公司,15614251
20220729,区级数据,国网浙江省电力有限公司宁海县供电公司,国网浙江省电力有限公司宁波供电公司,15452874
20220730,区级数据,国网浙江省电力有限公司宁海县供电公司,国网浙江省电力有限公司宁波供电公司,14987911
20220731,区级数据,国网浙江省电力有限公司宁海县供电公司,国网浙江省电力有限公司宁波供电公司,14423126
20220801,区级数据,国网浙江省电力有限公司宁海县供电公司,国网浙江省电力有限公司宁波供电公司,15224864
20220802,区级数据,国网浙江省电力有限公司宁海县供电公司,国网浙江省电力有限公司宁波供电公司,15817364
20220803,区级数据,国网浙江省电力有限公司宁海县供电公司,国网浙江省电力有限公司宁波供电公司,15903802
20220804,区级数据,国网浙江省电力有限公司宁海县供电公司,国网浙江省电力有限公司宁波供电公司,16229999
20220805,区级数据,国网浙江省电力有限公司宁海县供电公司,国网浙江省电力有限公司宁波供电公司,16534929
20220806,区级数据,国网浙江省电力有限公司宁海县供电公司,国网浙江省电力有限公司宁波供电公司,15317552
20220807,区级数据,国网浙江省电力有限公司宁海县供电公司,国网浙江省电力有限公司宁波供电公司,13912713
20220808,区级数据,国网浙江省电力有限公司宁海县供电公司,国网浙江省电力有限公司宁波供电公司,14628723
20220809,区级数据,国网浙江省电力有限公司宁海县供电公司,国网浙江省电力有限公司宁波供电公司,15655611
20220810,区级数据,国网浙江省电力有限公司宁海县供电公司,国网浙江省电力有限公司宁波供电公司,15940328
20220811,区级数据,国网浙江省电力有限公司宁海县供电公司,国网浙江省电力有限公司宁波供电公司,15980321
20220812,区级数据,国网浙江省电力有限公司宁海县供电公司,国网浙江省电力有限公司宁波供电公司,16465910
20220813,区级数据,国网浙江省电力有限公司宁海县供电公司,国网浙江省电力有限公司宁波供电公司,16244027
20220814,区级数据,国网浙江省电力有限公司宁海县供电公司,国网浙江省电力有限公司宁波供电公司,15371288
20220815,区级数据,国网浙江省电力有限公司宁海县供电公司,国网浙江省电力有限公司宁波供电公司,15909990
20220816,区级数据,国网浙江省电力有限公司宁海县供电公司,国网浙江省电力有限公司宁波供电公司,16328179
20220817,区级数据,国网浙江省电力有限公司宁海县供电公司,国网浙江省电力有限公司宁波供电公司,16239396
20220818,区级数据,国网浙江省电力有限公司宁海县供电公司,国网浙江省电力有限公司宁波供电公司,16047775
20220819,区级数据,国网浙江省电力有限公司宁海县供电公司,国网浙江省电力有限公司宁波供电公司,16569873
20220820,区级数据,国网浙江省电力有限公司宁海县供电公司,国网浙江省电力有限公司宁波供电公司,16557579
20220821,区级数据,国网浙江省电力有限公司宁海县供电公司,国网浙江省电力有限公司宁波供电公司,15218592
20220822,区级数据,国网浙江省电力有限公司宁海县供电公司,国网浙江省电力有限公司宁波供电公司,15146096
20220823,区级数据,国网浙江省电力有限公司宁海县供电公司,国网浙江省电力有限公司宁波供电公司,16228467
20220824,区级数据,国网浙江省电力有限公司宁海县供电公司,国网浙江省电力有限公司宁波供电公司,16490061
20220825,区级数据,国网浙江省电力有限公司宁海县供电公司,国网浙江省电力有限公司宁波供电公司,17145725
20220826,区级数据,国网浙江省电力有限公司宁海县供电公司,国网浙江省电力有限公司宁波供电公司,15756905
20220827,区级数据,国网浙江省电力有限公司宁海县供电公司,国网浙江省电力有限公司宁波供电公司,14439623
20220828,区级数据,国网浙江省电力有限公司宁海县供电公司,国网浙江省电力有限公司宁波供电公司,12293341
20220829,区级数据,国网浙江省电力有限公司宁海县供电公司,国网浙江省电力有限公司宁波供电公司,14371000
20220830,区级数据,国网浙江省电力有限公司宁海县供电公司,国网浙江省电力有限公司宁波供电公司,15428356
20220831,区级数据,国网浙江省电力有限公司宁海县供电公司,国网浙江省电力有限公司宁波供电公司,14180766
20220901,区级数据,国网浙江省电力有限公司宁海县供电公司,国网浙江省电力有限公司宁波供电公司,12832432
20220902,区级数据,国网浙江省电力有限公司宁海县供电公司,国网浙江省电力有限公司宁波供电公司,12600775
20220903,区级数据,国网浙江省电力有限公司宁海县供电公司,国网浙江省电力有限公司宁波供电公司,12382103
20220904,区级数据,国网浙江省电力有限公司宁海县供电公司,国网浙江省电力有限公司宁波供电公司,11256233
20220905,区级数据,国网浙江省电力有限公司宁海县供电公司,国网浙江省电力有限公司宁波供电公司,11157738
20220906,区级数据,国网浙江省电力有限公司宁海县供电公司,国网浙江省电力有限公司宁波供电公司,11911141
20220907,区级数据,国网浙江省电力有限公司宁海县供电公司,国网浙江省电力有限公司宁波供电公司,12247285
20220908,区级数据,国网浙江省电力有限公司宁海县供电公司,国网浙江省电力有限公司宁波供电公司,12458631
20220909,区级数据,国网浙江省电力有限公司宁海县供电公司,国网浙江省电力有限公司宁波供电公司,12103311
20220910,区级数据,国网浙江省电力有限公司宁海县供电公司,国网浙江省电力有限公司宁波供电公司,8971805
20220911,区级数据,国网浙江省电力有限公司宁海县供电公司,国网浙江省电力有限公司宁波供电公司,9624965
20220912,区级数据,国网浙江省电力有限公司宁海县供电公司,国网浙江省电力有限公司宁波供电公司,11659478
20220913,区级数据,国网浙江省电力有限公司宁海县供电公司,国网浙江省电力有限公司宁波供电公司,11998373
20220914,区级数据,国网浙江省电力有限公司宁海县供电公司,国网浙江省电力有限公司宁波供电公司,9970861
20220915,区级数据,国网浙江省电力有限公司宁海县供电公司,国网浙江省电力有限公司宁波供电公司,10733866
20220916,区级数据,国网浙江省电力有限公司宁海县供电公司,国网浙江省电力有限公司宁波供电公司,12134621
20220917,区级数据,国网浙江省电力有限公司宁海县供电公司,国网浙江省电力有限公司宁波供电公司,12305308
20220918,区级数据,国网浙江省电力有限公司宁海县供电公司,国网浙江省电力有限公司宁波供电公司,11721239
20220919,区级数据,国网浙江省电力有限公司宁海县供电公司,国网浙江省电力有限公司宁波供电公司,12119373
20220920,区级数据,国网浙江省电力有限公司宁海县供电公司,国网浙江省电力有限公司宁波供电公司,11792984
20220921,区级数据,国网浙江省电力有限公司宁海县供电公司,国网浙江省电力有限公司宁波供电公司,11837161
20220922,区级数据,国网浙江省电力有限公司宁海县供电公司,国网浙江省电力有限公司宁波供电公司,11862216
20220923,区级数据,国网浙江省电力有限公司宁海县供电公司,国网浙江省电力有限公司宁波供电公司,12106760
20220924,区级数据,国网浙江省电力有限公司宁海县供电公司,国网浙江省电力有限公司宁波供电公司,11601953
20220925,区级数据,国网浙江省电力有限公司宁海县供电公司,国网浙江省电力有限公司宁波供电公司,10733046
20220926,区级数据,国网浙江省电力有限公司宁海县供电公司,国网浙江省电力有限公司宁波供电公司,11449309
20220927,区级数据,国网浙江省电力有限公司宁海县供电公司,国网浙江省电力有限公司宁波供电公司,12085373
20220928,区级数据,国网浙江省电力有限公司宁海县供电公司,国网浙江省电力有限公司宁波供电公司,12410318
20220929,区级数据,国网浙江省电力有限公司宁海县供电公司,国网浙江省电力有限公司宁波供电公司,12132986
20220930,区级数据,国网浙江省电力有限公司宁海县供电公司,国网浙江省电力有限公司宁波供电公司,11375774
